{"cameraMode":{"drawMode":0,"name":"Shaded","section":"Shading Mode"},"sceneLighting":true,"audioPlay":false,"sceneViewState":{"m_AlwaysRefresh":false,"showFog":true,"showSkybox":true,"showFlares":true,"showImageEffects":true,"showParticleSystems":true,"showVisualEffectGraphs":true,"m_FxEnabled":false},"in2DMode":false,"pivot":{"x":4.1025309562683109,"y":23.77401351928711,"z":-125.52241516113281},"rotation":{"x":-0.2587006986141205,"y":0.08733959496021271,"z":-0.02358241006731987,"w":-0.9616248607635498},"size":0.8660253882408142,"orthographic":false}